location	Wuhan	#529AB6
location	East Feliciana Parish	#AABD52

division	Iran	#5E1D9D
division	India	#4D22AD
division	Sri Lanka	#462FBA
division	Thailand	#403DC5
division	Malaysia	#3F4ECB
division	China	#3F5FD0
division	Hubei	#426FCE
division	Beijing	#457ECB
division	Taiwan	#4A8AC4
division	Saitama	#4F96BB
division	Victoria	#569FB0
division	Spain	#5DA8A4
division	France	#65AD97
division	Netherlands	#6EB389
division	Bavaria	#78B77D
division	Athens	#83BA71
division	Uruguay	#8FBC66
division	Jamaica	#9ABE5C
division	Washington	#A7BE54
division	California	#B3BD4D
division	Louisiana	#BEBB48
division	Wisconsin	#C9B843
division	Illinois	#D2B240
division	Indiana	#DBAC3D
division	Michigan	#E0A23A
division	Georgia	#E59738
division	Florida	#E68835
division	North Carolina	#E67832
division	Virginia	#E4652E
division	New York	#E1512A
division	Connecticut	#DE3C26
division	Guam	#DB2823

country	Iran	#5E1D9D
country	India	#472DB8
country	Sri Lanka	#3F48C9
country	Thailand	#4066CF
country	Malaysia	#4682C9
country	China	#5097BA
country	Vietnam	#5CA7A5
country	Taiwan	#6CB28D
country	Japan	#7FB976
country	Australia	#93BD62
country	Spain	#A9BD53
country	France	#BFBB48
country	Netherlands	#D1B340
country	Germany	#DFA53B
country	Greece	#E68F36
country	Uruguay	#E67231
country	Jamaica	#E04D29
country	USA	#DB2823

region	Asia	#4784C8
region	Oceania	#67AE95
region	Europe	#98BD5E
region	South America	#CDB642
region	North America	#E68634

recency	Older	#447CCD
recency	One month ago	#5EA9A1
recency	One week ago	#8ABB6A
recency	3-7 days ago	#BEBB48
recency	1-2 days ago	#E29E39
recency	New	#E2562B

clade_membership	20H (Beta, V2)	#3F47C9
clade_membership	20I (Alpha, V1)	#4274CE
clade_membership	20J (Gamma, V3)	#4F97BB
clade_membership	21A (Delta)	#64AC99
clade_membership	21B (Kappa)	#7EB976
clade_membership	21C (Epsilon)	#9EBE5A
clade_membership	21D (Eta)	#BEBB48
clade_membership	21E (Theta)	#D9AE3E
clade_membership	21F (Iota)	#E69036
clade_membership	21G (Lambda)	#E35F2D
clade_membership	21H	#DB2823

emerging_lineage	A.23.1	#5E1D9D
emerging_lineage	B.1.1.7 (Alpha)	#462EB9
emerging_lineage	B.1.1.318	#3F4CCB
emerging_lineage	B.1.1.519	#416CCE
emerging_lineage	B.1.351 (Beta)	#4887C6
emerging_lineage	B.1.427/429 (Epsilon)	#539CB3
emerging_lineage	B.1.525 (Eta)	#62AB9C
emerging_lineage	B.1.526 (Iota)	#74B582
emerging_lineage	B.1.617.1 (Kappa)	#89BB6B
emerging_lineage	B.1.617.2 (Delta)	#A0BE59
emerging_lineage	B.1.619	#B7BD4B
emerging_lineage	B.1.620	#CCB742
emerging_lineage	B.1.621	#DDAA3C
emerging_lineage	C.36.3	#E69537
emerging_lineage	C.37 (Lambda)	#E67631
emerging_lineage	P.1 (Gamma)	#E14F2A
emerging_lineage	P.3 (Theta)	#DB2823

pango_lineage	A	#5E1D9D
pango_lineage	A.1	#5D1D9D
pango_lineage	A.2	#5D1D9E
pango_lineage	A.2.2	#5C1D9E
pango_lineage	A.2.3	#5C1D9F
pango_lineage	A.2.4	#5B1D9F
pango_lineage	A.2.5	#5A1DA0
pango_lineage	A.2.5.1	#5A1DA1
pango_lineage	A.2.5.2	#591DA1
pango_lineage	A.2.5.3	#581DA2
pango_lineage	A.3	#581EA2
pango_lineage	A.4	#571EA3
pango_lineage	A.5	#571EA3
pango_lineage	A.6	#561EA4
pango_lineage	A.7	#551EA4
pango_lineage	A.9	#551EA5
pango_lineage	A.11	#541EA5
pango_lineage	A.12	#531EA6
pango_lineage	A.15	#531EA6
pango_lineage	A.16	#521EA7
pango_lineage	A.17	#521EA7
pango_lineage	A.18	#511EA8
pango_lineage	A.19	#501EA9
pango_lineage	A.21	#501EA9
pango_lineage	A.22	#4F1EAA
pango_lineage	A.23	#4F1FAA
pango_lineage	A.23.1	#4F1FAA
pango_lineage	A.24	#4F1FAB
pango_lineage	A.25	#4E20AB
pango_lineage	A.26	#4E20AC
pango_lineage	A.27	#4E21AC
pango_lineage	A.28	#4E21AC
pango_lineage	A.29	#4D21AD
pango_lineage	A.30	#4D22AD
pango_lineage	B	#4D22AE
pango_lineage	B.1	#4D23AE
pango_lineage	B.1.1	#4C23AE
pango_lineage	B.1.1.1	#4C24AF
pango_lineage	B.1.1.3	#4C24AF
pango_lineage	B.1.1.4	#4C24B0
pango_lineage	B.1.1.5	#4B25B0
pango_lineage	B.1.1.7	#4B25B0
pango_lineage	Q.1	#4B26B1
pango_lineage	Q.2	#4B26B1
pango_lineage	Q.3	#4B26B2
pango_lineage	Q.4	#4A27B2
pango_lineage	B.1.1.8	#4A27B3
pango_lineage	B.1.1.10	#4A28B3
pango_lineage	B.1.1.12	#4A28B3
pango_lineage	B.1.1.13	#4929B4
pango_lineage	B.1.1.14	#4929B4
pango_lineage	B.1.1.15	#4929B5
pango_lineage	B.1.1.16	#492AB5
pango_lineage	B.1.1.17	#482AB5
pango_lineage	B.1.1.25	#482BB6
pango_lineage	B.1.1.26	#482BB6
pango_lineage	B.1.1.27	#482CB7
pango_lineage	B.1.1.28	#482CB7
pango_lineage	B.1.1.29	#472CB7
pango_lineage	B.1.1.30	#472DB8
pango_lineage	B.1.1.31	#472DB8
pango_lineage	B.1.1.33	#472EB9
pango_lineage	B.1.1.34	#462EB9
pango_lineage	B.1.1.37	#462EB9
pango_lineage	B.1.1.38	#462FBA
pango_lineage	B.1.1.39	#462FBA
pango_lineage	B.1.1.40	#4530BB
pango_lineage	B.1.1.41	#4530BB
pango_lineage	B.1.1.43	#4531BB
pango_lineage	B.1.1.44	#4531BC
pango_lineage	B.1.1.45	#4431BC
pango_lineage	B.1.1.46	#4432BD
pango_lineage	B.1.1.47	#4432BD
pango_lineage	B.1.1.48	#4433BD
pango_lineage	B.1.1.49	#4433BE
pango_lineage	B.1.1.50	#4333BE
pango_lineage	B.1.1.51	#4334BF
pango_lineage	B.1.1.52	#4334BF
pango_lineage	B.1.1.53	#4335C0
pango_lineage	B.1.1.54	#4235C0
pango_lineage	B.1.1.55	#4236C0
pango_lineage	B.1.1.56	#4236C1
pango_lineage	B.1.1.57	#4236C1
pango_lineage	B.1.1.58	#4137C2
pango_lineage	B.1.1.59	#4137C2
pango_lineage	B.1.1.61	#4138C2
pango_lineage	B.1.1.62	#4138C3
pango_lineage	B.1.1.63	#4038C3
pango_lineage	B.1.1.67	#4039C4
pango_lineage	B.1.1.70	#4039C4
pango_lineage	B.1.1.71	#403AC4
pango_lineage	B.1.1.72	#403AC4
pango_lineage	B.1.1.74	#403BC5
pango_lineage	B.1.1.75	#403BC5
pango_lineage	B.1.1.77	#403CC5
pango_lineage	B.1.1.82	#403CC5
pango_lineage	B.1.1.83	#403DC5
pango_lineage	B.1.1.84	#403DC6
pango_lineage	B.1.1.86	#403EC6
pango_lineage	B.1.1.87	#403FC6
pango_lineage	B.1.1.88	#403FC6
pango_lineage	B.1.1.89	#4040C6
pango_lineage	B.1.1.90	#4040C6
pango_lineage	B.1.1.91	#4041C7
pango_lineage	B.1.1.92	#4041C7
pango_lineage	B.1.1.93	#4042C7
pango_lineage	B.1.1.95	#4042C7
pango_lineage	B.1.1.97	#3F43C7
pango_lineage	B.1.1.98	#3F43C8
pango_lineage	B.1.1.99	#3F44C8
pango_lineage	B.1.1.100	#3F44C8
pango_lineage	B.1.1.101	#3F45C8
pango_lineage	B.1.1.107	#3F45C8
pango_lineage	B.1.1.109	#3F46C8
pango_lineage	B.1.1.110	#3F46C9
pango_lineage	B.1.1.111	#3F47C9
pango_lineage	B.1.1.112	#3F48C9
pango_lineage	B.1.1.113	#3F48C9
pango_lineage	B.1.1.114	#3F49C9
pango_lineage	B.1.1.115	#3F49CA
pango_lineage	B.1.1.116	#3F4ACA
pango_lineage	B.1.1.117	#3F4ACA
pango_lineage	B.1.1.118	#3F4BCA
pango_lineage	B.1.1.119	#3F4BCA
pango_lineage	B.1.1.120	#3F4CCA
pango_lineage	B.1.1.121	#3F4CCB
pango_lineage	B.1.1.122	#3F4DCB
pango_lineage	B.1.1.123	#3F4DCB
pango_lineage	B.1.1.125	#3F4ECB
pango_lineage	B.1.1.127	#3F4ECB
pango_lineage	B.1.1.128	#3F4FCC
pango_lineage	B.1.1.129	#3F4FCC
pango_lineage	B.1.1.130	#3F50CC
pango_lineage	B.1.1.132	#3F50CC
pango_lineage	B.1.1.133	#3F51CC
pango_lineage	B.1.1.134	#3F52CC
pango_lineage	B.1.1.135	#3F52CD
pango_lineage	B.1.1.136	#3F53CD
pango_lineage	B.1.1.137	#3F53CD
pango_lineage	B.1.1.138	#3F54CD
pango_lineage	B.1.1.139	#3F54CD
pango_lineage	B.1.1.141	#3F55CE
pango_lineage	B.1.1.142	#3F55CE
pango_lineage	B.1.1.144	#3F56CE
pango_lineage	B.1.1.145	#3F56CE
pango_lineage	B.1.1.147	#3F57CE
pango_lineage	B.1.1.148	#3E57CE
pango_lineage	B.1.1.149	#3E58CF
pango_lineage	B.1.1.152	#3E58CF
pango_lineage	B.1.1.153	#3E59CF
pango_lineage	B.1.1.154	#3E59CF
pango_lineage	B.1.1.155	#3E5ACF
pango_lineage	B.1.1.157	#3E5AD0
pango_lineage	B.1.1.158	#3E5BD0
pango_lineage	B.1.1.159	#3E5CD0
pango_lineage	B.1.1.160	#3E5CD0
pango_lineage	B.1.1.161	#3E5DD0
pango_lineage	B.1.1.162	#3E5DD0
pango_lineage	B.1.1.163	#3E5ED0
pango_lineage	B.1.1.164	#3F5ED0
pango_lineage	B.1.1.165	#3F5ED0
pango_lineage	B.1.1.166	#3F5FD0
pango_lineage	B.1.1.168	#3F5FD0
pango_lineage	B.1.1.169	#3F60D0
pango_lineage	B.1.1.170	#3F60D0
pango_lineage	B.1.1.171	#3F61D0
pango_lineage	B.1.1.172	#3F61D0
pango_lineage	B.1.1.174	#3F62CF
pango_lineage	B.1.1.175	#3F62CF
pango_lineage	B.1.1.176	#3F63CF
pango_lineage	B.1.1.177	#4063CF
pango_lineage	B.1.1.178	#4064CF
pango_lineage	B.1.1.180	#4064CF
pango_lineage	B.1.1.181	#4065CF
pango_lineage	B.1.1.182	#4065CF
pango_lineage	B.1.1.184	#4066CF
pango_lineage	B.1.1.185	#4066CF
pango_lineage	B.1.1.186	#4067CF
pango_lineage	B.1.1.187	#4067CF
pango_lineage	B.1.1.189	#4068CF
pango_lineage	B.1.1.190	#4068CF
pango_lineage	B.1.1.191	#4069CF
pango_lineage	B.1.1.192	#4169CF
pango_lineage	B.1.1.193	#416ACF
pango_lineage	B.1.1.194	#416ACF
pango_lineage	B.1.1.196	#416BCF
pango_lineage	B.1.1.197	#416BCE
pango_lineage	B.1.1.198	#416CCE
pango_lineage	B.1.1.200	#416CCE
pango_lineage	B.1.1.201	#416DCE
pango_lineage	B.1.1.202	#416DCE
pango_lineage	B.1.1.203	#416ECE
pango_lineage	B.1.1.204	#416ECE
pango_lineage	B.1.1.205	#416FCE
pango_lineage	B.1.1.207	#426FCE
pango_lineage	B.1.1.208	#4270CE
pango_lineage	B.1.1.209	#4270CE
pango_lineage	B.1.1.210	#4271CE
pango_lineage	B.1.1.213	#4271CE
pango_lineage	B.1.1.214	#4271CE
pango_lineage	B.1.1.216	#4272CE
pango_lineage	B.1.1.217	#4272CE
pango_lineage	B.1.1.218	#4273CE
pango_lineage	B.1.1.219	#4273CE
pango_lineage	B.1.1.220	#4274CE
pango_lineage	B.1.1.221	#4374CD
pango_lineage	B.1.1.222	#4375CD
pango_lineage	B.1.1.224	#4375CD
pango_lineage	B.1.1.225	#4376CD
pango_lineage	B.1.1.226	#4376CD
pango_lineage	B.1.1.227	#4377CD
pango_lineage	B.1.1.231	#4377CD
pango_lineage	B.1.1.232	#4378CD
pango_lineage	B.1.1.234	#4378CD
pango_lineage	B.1.1.236	#4379CD
pango_lineage	B.1.1.237	#4379CD
pango_lineage	B.1.1.239	#437ACD
pango_lineage	B.1.1.241	#447ACD
pango_lineage	B.1.1.240	#447BCD
pango_lineage	B.1.1.242	#447BCD
pango_lineage	B.1.1.243	#447CCD
pango_lineage	B.1.1.244	#447CCD
pango_lineage	B.1.1.249	#447DCC
pango_lineage	B.1.1.251	#447DCC
pango_lineage	B.1.1.253	#447DCC
pango_lineage	B.1.1.254	#457ECC
pango_lineage	B.1.1.255	#457ECB
pango_lineage	B.1.1.256	#457ECB
pango_lineage	B.1.1.258	#457FCB
pango_lineage	B.1.1.261	#457FCB
pango_lineage	B.1.1.257	#4580CA
pango_lineage	B.1.1.262	#4580CA
pango_lineage	B.1.1.263	#4680CA
pango_lineage	B.1.1.265	#4681CA
pango_lineage	B.1.1.266	#4681C9
pango_lineage	B.1.1.267	#4682C9
pango_lineage	B.1.1.268	#4682C9
pango_lineage	B.1.1.269	#4682C9
pango_lineage	B.1.1.270	#4783C8
pango_lineage	B.1.1.271	#4783C8
pango_lineage	B.1.1.272	#4783C8
pango_lineage	B.1.1.273	#4784C8
pango_lineage	B.1.1.274	#4784C7
pango_lineage	B.1.1.275	#4785C7
pango_lineage	B.1.1.277	#4785C7
pango_lineage	B.1.1.279	#4885C7
pango_lineage	B.1.1.280	#4886C7
pango_lineage	B.1.1.282	#4886C6
pango_lineage	B.1.1.283	#4887C6
pango_lineage	B.1.1.284	#4887C6
pango_lineage	B.1.1.285	#4887C6
pango_lineage	B.1.1.286	#4988C5
pango_lineage	B.1.1.288	#4988C5
pango_lineage	B.1.1.289	#4988C5
pango_lineage	B.1.1.290	#4989C5
pango_lineage	B.1.1.291	#4989C4
pango_lineage	B.1.1.294	#498AC4
pango_lineage	B.1.1.296	#498AC4
pango_lineage	B.1.1.297	#4A8AC4
pango_lineage	B.1.1.298	#4A8BC3
pango_lineage	B.1.1.299	#4A8BC3
pango_lineage	B.1.1.300	#4A8CC3
pango_lineage	B.1.1.301	#4A8CC3
pango_lineage	B.1.1.302	#4A8CC2
pango_lineage	B.1.1.303	#4B8DC2
pango_lineage	B.1.1.304	#4B8DC2
pango_lineage	B.1.1.305	#4B8DC2
pango_lineage	B.1.1.306	#4B8EC1
pango_lineage	B.1.1.307	#4B8EC1
pango_lineage	B.1.1.308	#4B8FC1
pango_lineage	B.1.1.309	#4B8FC1
pango_lineage	B.1.1.310	#4C8FC0
pango_lineage	B.1.1.311	#4C90C0
pango_lineage	B.1.1.312	#4C90C0
pango_lineage	B.1.1.315	#4C91C0
pango_lineage	B.1.1.316	#4C91BF
pango_lineage	B.1.1.317	#4C91BF
pango_lineage	B.1.1.318	#4D92BF
pango_lineage	AZ.1	#4D92BF
pango_lineage	AZ.2	#4D92BE
pango_lineage	AZ.2.1	#4D93BE
pango_lineage	AZ.3	#4D93BE
pango_lineage	AZ.4	#4D94BE
pango_lineage	AZ.5	#4D94BD
pango_lineage	AZ.6	#4E94BD
pango_lineage	B.1.1.319	#4E95BD
pango_lineage	B.1.1.320	#4E95BD
pango_lineage	B.1.1.322	#4E95BC
pango_lineage	B.1.1.323	#4E96BC
pango_lineage	B.1.1.324	#4F96BC
pango_lineage	B.1.1.325	#4F96BB
pango_lineage	B.1.1.326	#4F97BB
pango_lineage	B.1.1.327	#4F97BB
pango_lineage	B.1.1.328	#4F97BA
pango_lineage	B.1.1.329	#5097BA
pango_lineage	B.1.1.330	#5098BA
pango_lineage	B.1.1.331	#5098B9
pango_lineage	B.1.1.332	#5098B9
pango_lineage	B.1.1.333	#5098B8
pango_lineage	B.1.1.334	#5199B8
pango_lineage	B.1.1.335	#5199B8
pango_lineage	B.1.1.336	#5199B7
pango_lineage	B.1.1.337	#519AB7
pango_lineage	B.1.1.338	#519AB7
pango_lineage	B.1.1.339	#529AB6
pango_lineage	B.1.1.340	#529AB6
pango_lineage	B.1.1.341	#529BB6
pango_lineage	B.1.1.342	#529BB5
pango_lineage	B.1.1.343	#539BB5
pango_lineage	B.1.1.344	#539BB4
pango_lineage	B.1.1.345	#539CB4
pango_lineage	B.1.1.346	#539CB4
pango_lineage	B.1.1.347	#539CB3
pango_lineage	B.1.1.348	#549DB3
pango_lineage	B.1.1.349	#549DB3
pango_lineage	B.1.1.350	#549DB2
pango_lineage	B.1.1.351	#549DB2
pango_lineage	B.1.1.352	#549EB2
pango_lineage	B.1.1.353	#559EB1
pango_lineage	B.1.1.354	#559EB1
pango_lineage	B.1.1.355	#559EB0
pango_lineage	B.1.1.356	#559FB0
pango_lineage	B.1.1.357	#569FB0
pango_lineage	B.1.1.358	#569FAF
pango_lineage	B.1.1.359	#56A0AF
pango_lineage	B.1.1.360	#56A0AF
pango_lineage	B.1.1.361	#56A0AE
pango_lineage	B.1.1.362	#57A0AE
pango_lineage	B.1.1.363	#57A1AE
pango_lineage	B.1.1.364	#57A1AD
pango_lineage	B.1.1.365	#57A1AD
pango_lineage	B.1.1.366	#57A1AC
pango_lineage	B.1.1.367	#58A2AC
pango_lineage	B.1.1.368	#58A2AC
pango_lineage	B.1.1.369	#58A2AB
pango_lineage	B.1.1.370	#58A3AB
pango_lineage	B.1.1.371	#58A3AB
pango_lineage	B.1.1.372	#59A3AA
pango_lineage	B.1.1.373	#59A3AA
pango_lineage	B.1.1.374	#59A4A9
pango_lineage	B.1.1.375	#59A4A9
pango_lineage	B.1.1.376	#5AA4A9
pango_lineage	B.1.1.377	#5AA4A8
pango_lineage	B.1.1.378	#5AA5A8
pango_lineage	B.1.1.379	#5AA5A8
pango_lineage	B.1.1.380	#5AA5A7
pango_lineage	B.1.1.381	#5BA6A7
pango_lineage	B.1.1.382	#5BA6A7
pango_lineage	B.1.1.383	#5BA6A6
pango_lineage	B.1.1.384	#5BA6A6
pango_lineage	B.1.1.385	#5BA7A5
pango_lineage	B.1.1.386	#5CA7A5
pango_lineage	B.1.1.387	#5CA7A5
pango_lineage	B.1.1.388	#5CA7A4
pango_lineage	B.1.1.389	#5CA8A4
pango_lineage	B.1.1.391	#5DA8A4
pango_lineage	B.1.1.392	#5DA8A3
pango_lineage	B.1.1.393	#5DA8A3
pango_lineage	B.1.1.394	#5DA8A2
pango_lineage	B.1.1.395	#5EA8A2
pango_lineage	B.1.1.396	#5EA9A1
pango_lineage	B.1.1.397	#5EA9A1
pango_lineage	B.1.1.398	#5FA9A1
pango_lineage	B.1.1.399	#5FA9A0
pango_lineage	B.1.1.400	#5FA9A0
pango_lineage	B.1.1.401	#5FA99F
pango_lineage	B.1.1.402	#60AA9F
pango_lineage	B.1.1.403	#60AA9F
pango_lineage	B.1.1.404	#60AA9E
pango_lineage	B.1.1.405	#60AA9E
pango_lineage	B.1.1.406	#61AA9D
pango_lineage	B.1.1.407	#61AB9D
pango_lineage	B.1.1.408	#61AB9D
pango_lineage	B.1.1.409	#61AB9C
pango_lineage	B.1.1.410	#62AB9C
pango_lineage	B.1.1.411	#62AB9B
pango_lineage	B.1.1.412	#62AB9B
pango_lineage	B.1.1.413	#63AC9B
pango_lineage	B.1.1.414	#63AC9A
pango_lineage	B.1.1.415	#63AC9A
pango_lineage	B.1.1.416	#63AC99
pango_lineage	B.1.1.417	#64AC99
pango_lineage	B.1.1.418	#64AD99
pango_lineage	B.1.1.419	#64AD98
pango_lineage	B.1.1.420	#64AD98
pango_lineage	B.1.1.421	#65AD97
pango_lineage	B.1.1.422	#65AD97
pango_lineage	B.1.1.423	#65AD96
pango_lineage	B.1.1.424	#66AE96
pango_lineage	B.1.1.425	#66AE96
pango_lineage	B.1.1.426	#66AE95
pango_lineage	B.1.1.427	#66AE95
pango_lineage	B.1.1.428	#67AE94
pango_lineage	B.1.1.429	#67AF94
pango_lineage	B.1.1.430	#67AF94
pango_lineage	B.1.1.431	#67AF93
pango_lineage	B.1.1.432	#68AF93
pango_lineage	B.1.1.433	#68AF92
pango_lineage	B.1.1.434	#68AF92
pango_lineage	B.1.1.435	#68B092
pango_lineage	B.1.1.436	#69B091
pango_lineage	B.1.1.437	#69B091
pango_lineage	B.1.1.438	#69B090
pango_lineage	B.1.1.440	#6AB090
pango_lineage	B.1.1.441	#6AB090
pango_lineage	B.1.1.442	#6AB18F
pango_lineage	B.1.1.444	#6AB18F
pango_lineage	B.1.1.445	#6BB18E
pango_lineage	B.1.1.446	#6BB18E
pango_lineage	B.1.1.447	#6BB18D
pango_lineage	B.1.1.448	#6BB28D
pango_lineage	B.1.1.449	#6CB28D
pango_lineage	B.1.1.450	#6CB28C
pango_lineage	B.1.1.451	#6CB28C
pango_lineage	B.1.1.452	#6DB28B
pango_lineage	B.1.1.453	#6DB28B
pango_lineage	B.1.1.456	#6DB38B
pango_lineage	B.1.1.458	#6DB38A
pango_lineage	B.1.1.459	#6EB38A
pango_lineage	B.1.1.461	#6EB389
pango_lineage	B.1.1.462	#6EB389
pango_lineage	B.1.1.463	#6FB389
pango_lineage	B.1.1.464	#6FB388
pango_lineage	B.1.1.465	#6FB488
pango_lineage	B.1.1.466	#70B487
pango_lineage	B.1.1.467	#70B487
pango_lineage	B.1.1.480	#70B487
pango_lineage	B.1.1.481	#71B486
pango_lineage	B.1.1.482	#71B486
pango_lineage	B.1.1.483	#71B486
pango_lineage	B.1.1.484	#71B485
pango_lineage	B.1.1.485	#72B485
pango_lineage	B.1.1.486	#72B484
pango_lineage	B.1.1.487	#72B584
pango_lineage	B.1.1.500	#73B584
pango_lineage	B.1.1.506	#73B583
pango_lineage	B.1.1.507	#73B583
pango_lineage	B.1.1.512	#74B582
pango_lineage	B.1.1.513	#74B582
pango_lineage	B.1.1.514	#74B582
pango_lineage	B.1.1.515	#75B581
pango_lineage	B.1.1.516	#75B581
pango_lineage	B.1.1.517	#75B681
pango_lineage	B.1.1.518	#76B680
pango_lineage	B.1.1.519	#76B680
pango_lineage	B.1.1.521	#76B67F
pango_lineage	B.1.1.522	#77B67F
pango_lineage	B.1.1.523	#77B67F
pango_lineage	B.1.1.524	#77B67E
pango_lineage	B.1.1.525	#78B67E
pango_lineage	B.1.1.526	#78B67D
pango_lineage	B.1.2	#78B77D
pango_lineage	B.1.3	#79B77D
pango_lineage	B.1.6	#79B77C
pango_lineage	B.1.8	#79B77C
pango_lineage	B.1.12	#7AB77B
pango_lineage	B.1.13	#7AB77B
pango_lineage	B.1.14	#7AB77B
pango_lineage	B.1.22	#7BB77A
pango_lineage	B.1.22.1	#7BB77A
pango_lineage	B.1.23	#7BB87A
pango_lineage	B.1.35	#7CB879
pango_lineage	B.1.36	#7CB879
pango_lineage	B.1.36.1	#7CB878
pango_lineage	B.1.36.2	#7DB878
pango_lineage	B.1.36.7	#7DB878
pango_lineage	B.1.36.8	#7DB877
pango_lineage	B.1.36.9	#7DB877
pango_lineage	B.1.36.10	#7EB876
pango_lineage	B.1.36.12	#7EB976
pango_lineage	B.1.36.16	#7EB976
pango_lineage	B.1.36.17	#7FB975
pango_lineage	B.1.36.18	#7FB975
pango_lineage	B.1.36.19	#7FB975
pango_lineage	B.1.36.20	#80B974
pango_lineage	B.1.36.21	#80B974
pango_lineage	B.1.36.22	#80B973
pango_lineage	B.1.36.23	#81B973
pango_lineage	B.1.36.24	#81BA73
pango_lineage	B.1.36.25	#81BA72
pango_lineage	B.1.36.26	#82BA72
pango_lineage	B.1.36.28	#82BA71
pango_lineage	B.1.36.27	#82BA71
pango_lineage	B.1.36.29	#83BA71
pango_lineage	B.1.36.31	#83BA70
pango_lineage	B.1.36.33	#83BA70
pango_lineage	B.1.36.34	#84BA70
pango_lineage	B.1.36.35	#84BA6F
pango_lineage	B.1.36.36	#84BA6F
pango_lineage	B.1.36.37	#85BA6F
pango_lineage	B.1.36.38	#85BA6E
pango_lineage	B.1.36.39	#86BB6E
pango_lineage	B.1.37	#86BB6E
pango_lineage	B.1.38	#86BB6D
pango_lineage	B.1.39	#87BB6D
pango_lineage	B.1.40	#87BB6D
pango_lineage	B.1.44	#87BB6C
pango_lineage	B.1.67	#88BB6C
pango_lineage	B.1.69	#88BB6C
pango_lineage	B.1.70	#89BB6C
pango_lineage	B.1.76	#89BB6B
pango_lineage	B.1.77	#89BB6B
pango_lineage	B.1.78	#8ABB6B
pango_lineage	B.1.81	#8ABB6A
pango_lineage	B.1.83	#8ABB6A
pango_lineage	B.1.84	#8BBB6A
pango_lineage	B.1.91	#8BBB69
pango_lineage	B.1.93	#8BBB69
pango_lineage	B.1.94	#8CBB69
pango_lineage	B.1.96	#8CBB68
pango_lineage	B.1.97	#8DBC68
pango_lineage	B.1.103	#8DBC68
pango_lineage	B.1.104	#8DBC67
pango_lineage	B.1.105	#8EBC67
pango_lineage	B.1.106	#8EBC67
pango_lineage	B.1.108	#8EBC66
pango_lineage	B.1.110	#8FBC66
pango_lineage	B.1.110.1	#8FBC66
pango_lineage	B.1.110.2	#8FBC65
pango_lineage	B.1.110.3	#90BC65
pango_lineage	B.1.111	#90BC65
pango_lineage	B.1.112	#91BC65
pango_lineage	B.1.113	#91BC64
pango_lineage	B.1.115	#91BC64
pango_lineage	B.1.116	#92BC64
pango_lineage	B.1.117	#92BC63
pango_lineage	B.1.118	#92BC63
pango_lineage	B.1.119	#93BC63
pango_lineage	B.1.120	#93BC62
pango_lineage	B.1.124	#93BD62
pango_lineage	B.1.126	#94BD62
pango_lineage	B.1.127	#94BD61
pango_lineage	B.1.128	#95BD61
pango_lineage	B.1.131	#95BD61
pango_lineage	B.1.134	#95BD60
pango_lineage	B.1.137	#96BD60
pango_lineage	B.1.139	#96BD60
pango_lineage	B.1.140	#96BD5F
pango_lineage	B.1.142	#97BD5F
pango_lineage	B.1.143	#97BD5F
pango_lineage	B.1.145	#97BD5E
pango_lineage	B.1.146	#98BD5E
pango_lineage	B.1.147	#98BD5E
pango_lineage	B.1.149	#99BD5D
pango_lineage	B.1.151	#99BD5D
pango_lineage	B.1.153	#99BD5D
pango_lineage	B.1.157	#9ABD5D
pango_lineage	B.1.158	#9ABE5C
pango_lineage	B.1.159	#9ABE5C
pango_lineage	B.1.160	#9BBE5C
pango_lineage	B.1.160.7	#9BBE5B
pango_lineage	B.1.160.8	#9CBE5B
pango_lineage	B.1.160.9	#9CBE5B
pango_lineage	B.1.160.10	#9CBE5B
pango_lineage	B.1.160.11	#9DBE5A
pango_lineage	B.1.160.12	#9DBE5A
pango_lineage	B.1.160.13	#9DBE5A
pango_lineage	B.1.160.14	#9EBE5A
pango_lineage	B.1.160.15	#9EBE59
pango_lineage	B.1.160.16	#9FBE59
pango_lineage	B.1.160.17	#9FBE59
pango_lineage	B.1.160.18	#9FBE59
pango_lineage	B.1.160.19	#A0BE59
pango_lineage	B.1.160.20	#A0BE58
pango_lineage	B.1.160.21	#A0BE58
pango_lineage	B.1.160.22	#A1BE58
pango_lineage	B.1.160.23	#A1BE58
pango_lineage	B.1.160.24	#A2BE57
pango_lineage	B.1.160.25	#A2BE57
pango_lineage	B.1.160.26	#A2BE57
pango_lineage	B.1.160.27	#A3BE57
pango_lineage	B.1.160.28	#A3BE56
pango_lineage	B.1.160.29	#A3BE56
pango_lineage	B.1.160.30	#A4BE56
pango_lineage	B.1.160.31	#A4BE56
pango_lineage	B.1.160.32	#A5BE56
pango_lineage	B.1.160.33	#A5BE55
pango_lineage	B.1.161	#A5BE55
pango_lineage	B.1.162	#A6BE55
pango_lineage	B.1.163	#A6BE55
pango_lineage	B.1.164	#A6BE54
pango_lineage	B.1.165	#A7BE54
pango_lineage	B.1.166	#A7BE54
pango_lineage	B.1.167	#A8BE54
pango_lineage	B.1.168	#A8BD53
pango_lineage	B.1.169	#A8BD53
pango_lineage	B.1.170	#A9BD53
pango_lineage	B.1.173	#A9BD53
pango_lineage	B.1.177	#AABD53
pango_lineage	B.1.177.2	#AABD52
pango_lineage	B.1.177.3	#AABD52
pango_lineage	B.1.177.4	#ABBD52
pango_lineage	B.1.177.5	#ABBD52
pango_lineage	B.1.177.6	#ABBD51
pango_lineage	B.1.177.7	#ACBD51
pango_lineage	B.1.177.8	#ACBD51
pango_lineage	B.1.177.9	#ADBD51
pango_lineage	B.1.177.10	#ADBD50
pango_lineage	B.1.177.11	#ADBD50
pango_lineage	B.1.177.12	#AEBD50
pango_lineage	B.1.177.14	#AEBD50
pango_lineage	B.1.177.15	#AEBD50
pango_lineage	B.1.177.16	#AFBD4F
pango_lineage	B.1.177.17	#AFBD4F
pango_lineage	B.1.177.18	#B0BD4F
pango_lineage	B.1.177.19	#B0BD4F
pango_lineage	B.1.177.20	#B0BD4E
pango_lineage	B.1.177.21	#B1BD4E
pango_lineage	B.1.177.23	#B1BD4E
pango_lineage	B.1.177.24	#B1BD4E
pango_lineage	B.1.177.25	#B2BD4D
pango_lineage	B.1.177.26	#B2BD4D
pango_lineage	B.1.177.27	#B3BD4D
pango_lineage	B.1.177.28	#B3BD4D
pango_lineage	B.1.177.29	#B3BD4D
pango_lineage	B.1.177.30	#B4BD4C
pango_lineage	B.1.177.31	#B4BD4C
pango_lineage	B.1.177.32	#B4BD4C
pango_lineage	B.1.177.33	#B5BD4C
pango_lineage	B.1.177.34	#B5BD4C
pango_lineage	B.1.177.35	#B5BD4C
pango_lineage	B.1.177.36	#B6BD4B
pango_lineage	B.1.177.37	#B6BD4B
pango_lineage	B.1.177.38	#B7BD4B
pango_lineage	B.1.177.39	#B7BD4B
pango_lineage	B.1.177.40	#B7BD4B
pango_lineage	B.1.177.41	#B8BC4B
pango_lineage	B.1.177.42	#B8BC4B
pango_lineage	B.1.177.43	#B8BC4A
pango_lineage	B.1.177.44	#B9BC4A
pango_lineage	B.1.177.45	#B9BC4A
pango_lineage	B.1.177.46	#B9BC4A
pango_lineage	B.1.177.47	#BABC4A
pango_lineage	B.1.177.48	#BABC4A
pango_lineage	B.1.177.49	#BABC49
pango_lineage	B.1.177.50	#BBBC49
pango_lineage	B.1.177.51	#BBBC49
pango_lineage	B.1.177.52	#BBBC49
pango_lineage	B.1.177.53	#BCBB49
pango_lineage	B.1.177.54	#BCBB49
pango_lineage	B.1.177.55	#BCBB49
pango_lineage	B.1.177.56	#BDBB48
pango_lineage	B.1.177.57	#BDBB48
pango_lineage	B.1.177.58	#BDBB48
pango_lineage	B.1.177.59	#BEBB48
pango_lineage	B.1.177.60	#BEBB48
pango_lineage	B.1.177.61	#BEBB48
pango_lineage	B.1.177.62	#BFBB48
pango_lineage	B.1.177.63	#BFBB47
pango_lineage	B.1.177.64	#C0BB47
pango_lineage	B.1.177.65	#C0BA47
pango_lineage	B.1.177.66	#C0BA47
pango_lineage	B.1.177.67	#C1BA47
pango_lineage	B.1.177.68	#C1BA47
pango_lineage	B.1.177.69	#C1BA47
pango_lineage	B.1.177.70	#C2BA46
pango_lineage	B.1.177.71	#C2BA46
pango_lineage	B.1.177.72	#C2BA46
pango_lineage	B.1.177.73	#C3BA46
pango_lineage	B.1.177.74	#C3BA46
pango_lineage	B.1.177.75	#C3BA46
pango_lineage	B.1.177.76	#C4BA45
pango_lineage	B.1.177.77	#C4B945
pango_lineage	B.1.177.78	#C4B945
pango_lineage	B.1.177.79	#C5B945
pango_lineage	B.1.177.80	#C5B945
pango_lineage	B.1.177.81	#C5B945
pango_lineage	B.1.177.82	#C6B945
pango_lineage	B.1.177.83	#C6B944
pango_lineage	B.1.177.84	#C6B944
pango_lineage	B.1.177.85	#C7B944
pango_lineage	B.1.177.86	#C7B944
pango_lineage	B.1.177.87	#C8B944
pango_lineage	B.1.177.88	#C8B944
pango_lineage	B.1.177.89	#C8B844
pango_lineage	B.1.178	#C9B843
pango_lineage	B.1.179	#C9B843
pango_lineage	B.1.180	#C9B843
pango_lineage	B.1.181	#CAB843
pango_lineage	B.1.182	#CAB843
pango_lineage	B.1.184	#CAB843
pango_lineage	B.1.187	#CBB843
pango_lineage	B.1.188	#CBB842
pango_lineage	B.1.189	#CBB742
pango_lineage	B.1.190	#CBB742
pango_lineage	B.1.192	#CCB742
pango_lineage	B.1.194	#CCB742
pango_lineage	B.1.195	#CCB742
pango_lineage	B.1.198	#CDB742
pango_lineage	B.1.199	#CDB642
pango_lineage	B.1.201	#CDB642
pango_lineage	B.1.203	#CDB642
pango_lineage	B.1.206	#CEB641
pango_lineage	B.1.205	#CEB641
pango_lineage	B.1.208	#CEB541
pango_lineage	B.1.210	#CEB541
pango_lineage	B.1.211	#CFB541
pango_lineage	B.1.212	#CFB541
pango_lineage	B.1.213	#CFB541
pango_lineage	B.1.214	#CFB441
pango_lineage	B.1.214.1	#D0B441
pango_lineage	B.1.214.2	#D0B441
pango_lineage	B.1.214.3	#D0B441
pango_lineage	B.1.214.4	#D1B440
pango_lineage	B.1.215	#D1B340
pango_lineage	B.1.218	#D1B340
pango_lineage	B.1.219	#D1B340
pango_lineage	B.1.220	#D2B340
pango_lineage	B.1.221	#D2B340
pango_lineage	B.1.221.1	#D2B240
pango_lineage	B.1.221.2	#D2B240
pango_lineage	B.1.221.3	#D3B240
pango_lineage	B.1.221.4	#D3B240
pango_lineage	B.1.222	#D3B23F
pango_lineage	B.1.223	#D3B13F
pango_lineage	B.1.224	#D4B13F
pango_lineage	B.1.225	#D4B13F
pango_lineage	B.1.227	#D4B13F
pango_lineage	B.1.229	#D5B13F
pango_lineage	B.1.231	#D5B03F
pango_lineage	B.1.232	#D5B03F
pango_lineage	B.1.233	#D5B03F
pango_lineage	B.1.234	#D6B03F
pango_lineage	B.1.235	#D6B03F
pango_lineage	B.1.236	#D6AF3E
pango_lineage	B.1.237	#D6AF3E
pango_lineage	B.1.238	#D7AF3E
pango_lineage	B.1.239	#D7AF3E
pango_lineage	B.1.240	#D7AF3E
pango_lineage	B.1.240.1	#D7AE3E
pango_lineage	B.1.240.2	#D8AE3E
pango_lineage	B.1.241	#D8AE3E
pango_lineage	B.1.243	#D8AE3E
pango_lineage	B.1.243.1	#D9AE3E
pango_lineage	B.1.242	#D9AE3E
pango_lineage	B.1.245	#D9AD3D
pango_lineage	B.1.247	#D9AD3D
pango_lineage	B.1.249	#DAAD3D
pango_lineage	B.1.248	#DAAD3D
pango_lineage	B.1.250	#DAAD3D
pango_lineage	B.1.251	#DAAC3D
pango_lineage	B.1.252	#DBAC3D
pango_lineage	B.1.254	#DBAC3D
pango_lineage	B.1.256	#DBAC3D
pango_lineage	B.1.258	#DBAC3D
pango_lineage	B.1.258.2	#DCAB3C
pango_lineage	B.1.258.3	#DCAB3C
pango_lineage	B.1.258.4	#DCAB3C
pango_lineage	B.1.258.5	#DCAB3C
pango_lineage	B.1.258.6	#DDAA3C
pango_lineage	B.1.258.7	#DDAA3C
pango_lineage	B.1.258.9	#DDAA3C
pango_lineage	B.1.258.10	#DDA93C
pango_lineage	B.1.258.11	#DDA93C
pango_lineage	B.1.258.12	#DDA93C
pango_lineage	B.1.258.14	#DDA83C
pango_lineage	B.1.258.15	#DEA83C
pango_lineage	B.1.258.16	#DEA83C
pango_lineage	B.1.258.17	#DEA73B
pango_lineage	B.1.258.18	#DEA73B
pango_lineage	B.1.258.19	#DEA63B
pango_lineage	B.1.258.20	#DEA63B
pango_lineage	B.1.258.21	#DEA63B
pango_lineage	B.1.258.22	#DFA53B
pango_lineage	B.1.258.23	#DFA53B
pango_lineage	B.1.258.24	#DFA53B
pango_lineage	B.1.260	#DFA43B
pango_lineage	B.1.263	#DFA43B
pango_lineage	B.1.264	#DFA43B
pango_lineage	B.1.264.1	#DFA33B
pango_lineage	B.1.265	#E0A33B
pango_lineage	B.1.267	#E0A33A
pango_lineage	B.1.268	#E0A23A
pango_lineage	B.1.270	#E0A23A
pango_lineage	B.1.273	#E0A23A
pango_lineage	B.1.274	#E0A13A
pango_lineage	B.1.276	#E0A13A
pango_lineage	B.1.277	#E1A13A
pango_lineage	B.1.279	#E1A03A
pango_lineage	B.1.280	#E1A03A
pango_lineage	B.1.281	#E1A03A
pango_lineage	B.1.282	#E19F3A
pango_lineage	B.1.284	#E19F3A
pango_lineage	B.1.285	#E19F39
pango_lineage	B.1.287	#E29E39
pango_lineage	B.1.289	#E29E39
pango_lineage	B.1.291	#E29E39
pango_lineage	B.1.292	#E29D39
pango_lineage	B.1.293	#E29D39
pango_lineage	B.1.294	#E29D39
pango_lineage	B.1.298	#E39C39
pango_lineage	B.1.301	#E39C39
pango_lineage	B.1.302	#E39C39
pango_lineage	B.1.304	#E39B39
pango_lineage	B.1.305	#E39B39
pango_lineage	B.1.306	#E39B39
pango_lineage	B.1.308	#E39A38
pango_lineage	B.1.309	#E49A38
pango_lineage	B.1.310	#E49A38
pango_lineage	B.1.311	#E49938
pango_lineage	B.1.313	#E49938
pango_lineage	B.1.314	#E49838
pango_lineage	B.1.315	#E49838
pango_lineage	B.1.316	#E49838
pango_lineage	B.1.318	#E59738
pango_lineage	B.1.319	#E59738
pango_lineage	B.1.320	#E59738
pango_lineage	B.1.321	#E59638
pango_lineage	B.1.323	#E59638
pango_lineage	B.1.324	#E59637
pango_lineage	B.1.325	#E59537
pango_lineage	B.1.326	#E69537
pango_lineage	B.1.328	#E69537
pango_lineage	B.1.329	#E69437
pango_lineage	B.1.330	#E69437
pango_lineage	B.1.332	#E69337
pango_lineage	B.1.333	#E69337
pango_lineage	B.1.334	#E69237
pango_lineage	B.1.335	#E69237
pango_lineage	B.1.336	#E69137
pango_lineage	B.1.337	#E69136
pango_lineage	B.1.338	#E69036
pango_lineage	B.1.340	#E69036
pango_lineage	B.1.341	#E68F36
pango_lineage	B.1.342	#E68F36
pango_lineage	B.1.344	#E68E36
pango_lineage	B.1.346	#E68E36
pango_lineage	B.1.348	#E68D36
pango_lineage	B.1.349	#E68D36
pango_lineage	B.1.350	#E68C36
pango_lineage	B.1.350.1	#E68C36
pango_lineage	B.1.351	#E68B35
pango_lineage	B.1.351.1	#E68B35
pango_lineage	B.1.351.2	#E68A35
pango_lineage	B.1.351.3	#E68A35
pango_lineage	B.1.343	#E68935
pango_lineage	B.1.354	#E68935
pango_lineage	B.1.355	#E68835
pango_lineage	B.1.356	#E68835
pango_lineage	B.1.357	#E68735
pango_lineage	B.1.358	#E68735
pango_lineage	B.1.359	#E68634
pango_lineage	B.1.360	#E68634
pango_lineage	B.1.361	#E68534
pango_lineage	B.1.362	#E68534
pango_lineage	B.1.362.1	#E68434
pango_lineage	B.1.362.2	#E68434
pango_lineage	B.1.363	#E68334
pango_lineage	B.1.366	#E68334
pango_lineage	B.1.367	#E68234
pango_lineage	B.1.369	#E68234
pango_lineage	B.1.369.1	#E68134
pango_lineage	B.1.370	#E68133
pango_lineage	B.1.371	#E68033
pango_lineage	B.1.372	#E68033
pango_lineage	B.1.375	#E67F33
pango_lineage	B.1.377	#E67F33
pango_lineage	B.1.378	#E67E33
pango_lineage	B.1.379	#E67E33
pango_lineage	B.1.380	#E67D33
pango_lineage	B.1.381	#E67D33
pango_lineage	B.1.382	#E67C33
pango_lineage	B.1.383	#E67C32
pango_lineage	B.1.384	#E67B32
pango_lineage	B.1.385	#E67B32
pango_lineage	B.1.387	#E67A32
pango_lineage	B.1.388	#E67A32
pango_lineage	B.1.389	#E67932
pango_lineage	B.1.390	#E67932
pango_lineage	B.1.391	#E67832
pango_lineage	B.1.393	#E67832
pango_lineage	B.1.395	#E67732
pango_lineage	B.1.396	#E67732
pango_lineage	B.1.397	#E67631
pango_lineage	B.1.398	#E67631
pango_lineage	B.1.399	#E67531
pango_lineage	B.1.400	#E67531
pango_lineage	B.1.400.1	#E67431
pango_lineage	B.1.401	#E67431
pango_lineage	B.1.402	#E67331
pango_lineage	B.1.403	#E67331
pango_lineage	B.1.404	#E67231
pango_lineage	B.1.405	#E67130
pango_lineage	B.1.406	#E67130
pango_lineage	B.1.407	#E67030
pango_lineage	B.1.408	#E66F30
pango_lineage	B.1.409	#E56F30
pango_lineage	B.1.411	#E56E30
pango_lineage	B.1.413	#E56E30
pango_lineage	B.1.415	#E56D30
pango_lineage	B.1.415.1	#E56C30
pango_lineage	B.1.416	#E56C2F
pango_lineage	B.1.416.1	#E56B2F
pango_lineage	B.1.417	#E56A2F
pango_lineage	B.1.418	#E56A2F
pango_lineage	B.1.420	#E5692F
pango_lineage	B.1.421	#E5692F
pango_lineage	B.1.422	#E4682F
pango_lineage	B.1.423	#E4672F
pango_lineage	B.1.424	#E4672E
pango_lineage	B.1.425	#E4662E
pango_lineage	B.1.426	#E4652E
pango_lineage	B.1.427	#E4652E
pango_lineage	B.1.428	#E4642E
pango_lineage	B.1.428.1	#E4642E
pango_lineage	B.1.428.2	#E4632E
pango_lineage	B.1.428.3	#E4622E
pango_lineage	B.1.429	#E3622D
pango_lineage	B.1.429.1	#E3612D
pango_lineage	B.1.431	#E3602D
pango_lineage	B.1.432	#E3602D
pango_lineage	B.1.433	#E35F2D
pango_lineage	B.1.434	#E35F2D
pango_lineage	B.1.435	#E35E2D
pango_lineage	B.1.436	#E35D2D
pango_lineage	B.1.437	#E35D2C
pango_lineage	B.1.438	#E35C2C
pango_lineage	B.1.438.1	#E25B2C
pango_lineage	B.1.438.2	#E25B2C
pango_lineage	B.1.438.3	#E25A2C
pango_lineage	B.1.438.4	#E25A2C
pango_lineage	B.1.439	#E2592C
pango_lineage	B.1.441	#E2582C
pango_lineage	B.1.442	#E2582B
pango_lineage	B.1.443	#E2572B
pango_lineage	B.1.444	#E2562B
pango_lineage	B.1.445	#E2562B
pango_lineage	B.1.446	#E2552B
pango_lineage	B.1.448	#E1552B
pango_lineage	B.1.450	#E1542B
pango_lineage	B.1.451	#E1532B
pango_lineage	B.1.452	#E1532A
pango_lineage	B.1.453	#E1522A
pango_lineage	B.1.456	#E1512A
pango_lineage	B.1.458	#E1512A
pango_lineage	B.1.459	#E1502A
pango_lineage	B.1.460	#E1502A
pango_lineage	B.1.462	#E14F2A
pango_lineage	B.1.463	#E04E2A
pango_lineage	B.1.465	#E04E2A
pango_lineage	B.1.466	#E04D29
pango_lineage	B.1.466.1	#E04D29
pango_lineage	B.1.466.2	#E04C29
pango_lineage	B.1.467	#E04B29
pango_lineage	B.1.468	#E04B29
pango_lineage	B.1.469	#E04A29
pango_lineage	B.1.470	#E04929
pango_lineage	B.1.471	#E04929
pango_lineage	B.1.473	#E04828
pango_lineage	B.1.474	#DF4728
pango_lineage	B.1.475	#DF4728
pango_lineage	B.1.476	#DF4628
pango_lineage	B.1.478	#DF4628
pango_lineage	B.1.479	#DF4528
pango_lineage	B.1.480	#DF4428
pango_lineage	B.1.482	#DF4428
pango_lineage	B.1.483	#DF4328
pango_lineage	B.1.485	#DF4227
pango_lineage	B.1.486	#DF4227
pango_lineage	B.1.487	#DF4127
pango_lineage	B.1.488	#DF4127
pango_lineage	B.1.489	#DF4027
pango_lineage	B.1.490	#DE3F27
pango_lineage	B.1.491	#DE3F27
pango_lineage	B.1.492	#DE3E27
pango_lineage	B.1.493	#DE3D27
pango_lineage	B.1.494	#DE3D26
pango_lineage	B.1.495	#DE3C26
pango_lineage	B.1.496	#DE3C26
pango_lineage	B.1.497	#DE3B26
pango_lineage	B.1.498	#DE3A26
pango_lineage	B.1.499	#DE3A26
pango_lineage	B.1.499.1	#DE3926
pango_lineage	B.1.500	#DE3826
pango_lineage	B.1.501	#DD3826
pango_lineage	B.1.502	#DD3725
pango_lineage	B.1.503	#DD3725
pango_lineage	B.1.504	#DD3625
pango_lineage	B.1.505	#DD3525
pango_lineage	B.1.506	#DD3525
pango_lineage	B.1.507	#DD3425
pango_lineage	B.1.508	#DD3325
pango_lineage	B.1.509	#DD3325
pango_lineage	B.1.510	#DD3225
pango_lineage	B.1.511	#DD3124
pango_lineage	B.1.513	#DD3124
pango_lineage	B.1.515	#DD3024
pango_lineage	B.1.516	#DC3024
pango_lineage	B.1.517	#DC2F24
pango_lineage	B.1.517.1	#DC2E24
pango_lineage	B.1.518	#DC2E24
pango_lineage	B.1.520	#DC2D24
pango_lineage	B.1.521	#DC2C24
pango_lineage	B.1.523	#DC2C24
pango_lineage	B.1.524	#DC2B23
pango_lineage	B.1.525	#DC2B23
pango_lineage	B.1.526	#DC2A23
pango_lineage	B.1.527	#DC2923
pango_lineage	B.1.528	#DC2923
pango_lineage	B.1.529	#DB2823
pango_lineage	B.1.530	#5E1D9D
pango_lineage	B.1.531	#5C1D9E
pango_lineage	B.1.532	#5B1DA0
pango_lineage	B.1.533	#591DA1
pango_lineage	B.1.534	#571EA3
pango_lineage	B.1.535	#561EA4
pango_lineage	B.1.536	#541EA6
pango_lineage	B.1.537	#521EA7
pango_lineage	B.1.538	#501EA9
pango_lineage	B.1.539	#4F1EAA
pango_lineage	B.1.540	#4E20AB
pango_lineage	B.1.541	#4E21AC
pango_lineage	B.1.542	#4D22AD
pango_lineage	B.1.543	#4D23AE
pango_lineage	B.1.544	#4C24AF
pango_lineage	B.1.545	#4B25B1
pango_lineage	B.1.546	#4B26B2
pango_lineage	B.1.547	#4A28B3
pango_lineage	B.1.548	#4929B4
pango_lineage	B.1.549	#492AB5
pango_lineage	B.1.550	#482BB6
pango_lineage	B.1.551	#472CB7
pango_lineage	B.1.552	#472DB8
pango_lineage	B.1.554	#462EB9
pango_lineage	B.1.555	#4530BB
pango_lineage	B.1.556	#4531BC
pango_lineage	B.1.557	#4432BD
pango_lineage	B.1.558	#4433BE
pango_lineage	B.1.559	#4334BF
pango_lineage	B.1.560	#4235C0
pango_lineage	B.1.561	#4237C1
pango_lineage	B.1.562	#4138C2
pango_lineage	B.1.563	#4039C4
pango_lineage	B.1.564	#403AC4
pango_lineage	B.1.564.1	#403CC5
pango_lineage	B.1.565	#403DC5
pango_lineage	B.1.566	#403EC6
pango_lineage	B.1.567	#4040C6
pango_lineage	B.1.568	#4041C7
pango_lineage	B.1.569	#3F43C7
pango_lineage	B.1.570	#3F44C8
pango_lineage	B.1.571	#3F46C8
pango_lineage	B.1.572	#3F47C9
pango_lineage	B.1.573	#3F49C9
pango_lineage	B.1.574	#3F4ACA
pango_lineage	B.1.575	#3F4BCA
pango_lineage	B.1.575.1	#3F4DCB
pango_lineage	B.1.575.2	#3F4ECB
pango_lineage	B.1.576	#3F50CC
pango_lineage	B.1.577	#3F51CC
pango_lineage	B.1.578	#3F53CD
pango_lineage	B.1.579	#3F54CD
pango_lineage	B.1.580	#3F56CE
pango_lineage	B.1.581	#3E57CE
pango_lineage	B.1.582	#3E58CF
pango_lineage	B.1.585	#3E5ACF
pango_lineage	B.1.586	#3E5BD0
pango_lineage	B.1.587	#3E5DD0
pango_lineage	B.1.588	#3F5ED0
pango_lineage	B.1.588.1	#3F5FD0
pango_lineage	B.1.589	#3F61D0
pango_lineage	B.1.590	#3F62CF
pango_lineage	B.1.591	#4063CF
pango_lineage	B.1.592	#4065CF
pango_lineage	B.1.593	#4066CF
pango_lineage	B.1.594	#4067CF
pango_lineage	B.1.595	#4069CF
pango_lineage	B.1.595.1	#416ACF
pango_lineage	B.1.595.2	#416BCE
pango_lineage	B.1.595.3	#416DCE
pango_lineage	B.1.595.4	#416ECE
pango_lineage	B.1.596	#426FCE
pango_lineage	B.1.596.1	#4271CE
pango_lineage	B.1.597	#4272CE
pango_lineage	B.1.598	#4273CE
pango_lineage	B.1.599	#4375CD
pango_lineage	B.1.600	#4376CD
pango_lineage	B.1.601	#4377CD
pango_lineage	B.1.602	#4379CD
pango_lineage	B.1.603	#447ACD
pango_lineage	B.1.604	#447BCD
pango_lineage	B.1.605	#447DCC
pango_lineage	B.1.606	#457ECC
pango_lineage	B.1.607	#457FCB
pango_lineage	B.1.609	#4580CA
pango_lineage	B.1.610	#4681CA
pango_lineage	B.1.611	#4682C9
pango_lineage	B.1.612	#4783C8
pango_lineage	B.1.613	#4784C8
pango_lineage	B.1.614	#4785C7
pango_lineage	B.1.615	#4886C6
pango_lineage	B.1.616	#4887C6
pango_lineage	B.1.617	#4988C5
pango_lineage	B.1.617.1	#4989C4
pango_lineage	B.1.617.2	#4A8AC4
pango_lineage	B.1.617.3	#4A8BC3
pango_lineage	B.1.618	#4A8CC2
pango_lineage	B.1.619	#4B8EC2
pango_lineage	B.1.619.1	#4B8FC1
pango_lineage	B.1.620	#4C90C0
pango_lineage	B.1.621	#4C91C0
pango_lineage	B.1.621.1	#4D92BF
pango_lineage	B.1.622	#4D93BE
pango_lineage	B.1.623	#4D94BE
pango_lineage	B.1.625	#4E95BD
pango_lineage	B.1.626	#4E96BC
pango_lineage	B.1.627	#4F97BB
pango_lineage	B.1.628	#5097BA
pango_lineage	B.1.629	#5098B9
pango_lineage	B.1.630	#5199B8
pango_lineage	B.1.631	#5199B7
pango_lineage	B.1.632	#529AB6
pango_lineage	B.1.633	#529BB5
pango_lineage	B.1.634	#539CB4
pango_lineage	B.1.635	#549CB3
pango_lineage	B.1.636	#549DB2
pango_lineage	B.1.9	#559EB1
pango_lineage	B.1.9.1	#559FB0
pango_lineage	B.1.9.2	#569FAF
pango_lineage	B.1.9.3	#56A0AE
pango_lineage	B.1.9.4	#57A1AD
pango_lineage	B.1.9.5	#58A2AC
pango_lineage	B.3	#58A2AB
pango_lineage	B.3.1	#59A3AA
pango_lineage	B.4	#59A4A9
pango_lineage	B.4.1	#5AA5A8
pango_lineage	B.4.2	#5BA5A7
pango_lineage	B.4.4	#5BA6A6
pango_lineage	B.4.5	#5CA7A5
pango_lineage	B.4.6	#5CA8A4
pango_lineage	B.4.7	#5DA8A3
pango_lineage	B.4.8	#5EA9A2
pango_lineage	B.5	#5FA9A1
pango_lineage	B.6	#5FA99F
pango_lineage	B.6.1	#60AA9E
pango_lineage	B.6.2	#61AA9D
pango_lineage	B.6.3	#62AB9C
pango_lineage	B.6.4	#62AB9B
pango_lineage	B.6.5	#63AC9A
pango_lineage	B.6.6	#64AC99
pango_lineage	B.6.8	#65AD98
pango_lineage	B.10	#65AD96
pango_lineage	B.11	#66AE95
pango_lineage	B.12	#67AE94
pango_lineage	B.13	#67AF93
pango_lineage	B.15	#68AF92
pango_lineage	B.18	#69B091
pango_lineage	B.19	#6AB090
pango_lineage	B.20	#6AB18F
pango_lineage	B.23	#6BB18D
pango_lineage	B.26	#6CB28C
pango_lineage	B.27	#6DB28B
pango_lineage	B.28	#6DB38A
pango_lineage	B.29	#6EB389
pango_lineage	B.30	#6FB388
pango_lineage	B.31	#70B487
pango_lineage	B.32	#71B486
pango_lineage	B.33	#72B485
pango_lineage	B.34	#73B584
pango_lineage	B.35	#74B583
pango_lineage	B.36	#74B582
pango_lineage	B.37	#75B681
pango_lineage	B.38	#76B67F
pango_lineage	B.39	#77B67E
pango_lineage	B.40	#78B67D
pango_lineage	B.41	#79B77C
pango_lineage	B.42	#7AB77B
pango_lineage	B.43	#7BB77A
pango_lineage	B.44	#7CB879
pango_lineage	B.45	#7CB878
pango_lineage	B.46	#7DB877
pango_lineage	B.47	#7EB976
pango_lineage	B.49	#7FB975
pango_lineage	B.50	#80B974
pango_lineage	B.51	#81B973
pango_lineage	B.52	#82BA72
pango_lineage	B.53	#83BA71
pango_lineage	B.55	#84BA70
pango_lineage	B.56	#85BA6F
pango_lineage	B.57	#86BB6E
pango_lineage	B.58	#87BB6D
pango_lineage	B.59	#88BB6C
pango_lineage	B.60	#89BB6B
pango_lineage	B.61	#8ABB6A
pango_lineage	C.1	#8BBB6A
pango_lineage	C.1.1	#8CBB69
pango_lineage	C.1.2	#8DBC68
pango_lineage	C.2	#8EBC67
pango_lineage	C.2.1	#8FBC66
pango_lineage	C.3	#90BC65
pango_lineage	C.4	#91BC64
pango_lineage	C.5	#92BC63
pango_lineage	C.6	#93BC63
pango_lineage	C.7	#94BD62
pango_lineage	C.8	#95BD61
pango_lineage	C.9	#96BD60
pango_lineage	C.10	#97BD5F
pango_lineage	C.11	#98BD5E
pango_lineage	C.12	#99BD5D
pango_lineage	C.13	#9ABD5C
pango_lineage	C.14	#9BBE5C
pango_lineage	C.16	#9CBE5B
pango_lineage	C.17	#9DBE5A
pango_lineage	C.18	#9EBE5A
pango_lineage	C.19	#9FBE59
pango_lineage	C.20	#A0BE58
pango_lineage	C.21	#A1BE58
pango_lineage	C.22	#A2BE57
pango_lineage	C.23	#A3BE57
pango_lineage	C.25	#A4BE56
pango_lineage	C.26	#A5BE55
pango_lineage	C.27	#A6BE55
pango_lineage	C.28	#A7BE54
pango_lineage	C.29	#A8BD53
pango_lineage	C.30	#A9BD53
pango_lineage	C.30.1	#AABD52
pango_lineage	C.31	#ABBD51
pango_lineage	C.32	#ACBD51
pango_lineage	C.33	#ADBD50
pango_lineage	C.34	#AEBD50
pango_lineage	C.35	#AFBD4F
pango_lineage	C.36	#B1BD4E
pango_lineage	C.36.1	#B2BD4E
pango_lineage	C.36.2	#B3BD4D
pango_lineage	C.36.3	#B4BD4C
pango_lineage	C.36.3.1	#B5BD4C
pango_lineage	C.37	#B6BD4C
pango_lineage	C.37.1	#B7BD4B
pango_lineage	C.38	#B7BC4B
pango_lineage	C.39	#B8BC4A
pango_lineage	D.2	#B9BC4A
pango_lineage	D.3	#BABC49
pango_lineage	D.4	#BBBC49
pango_lineage	D.5	#BCBB49
pango_lineage	G.1	#BDBB48
pango_lineage	K.1	#BEBB48
pango_lineage	K.2	#BFBB47
pango_lineage	K.3	#C0BA47
pango_lineage	L.1	#C1BA47
pango_lineage	L.2	#C2BA46
pango_lineage	L.3	#C3BA46
pango_lineage	L.4	#C4BA45
pango_lineage	M.1	#C5B945
pango_lineage	M.2	#C6B945
pango_lineage	M.3	#C7B944
pango_lineage	N.1	#C8B944
pango_lineage	N.2	#C9B843
pango_lineage	N.3	#CAB843
pango_lineage	N.4	#CBB843
pango_lineage	N.5	#CBB742
pango_lineage	N.6	#CCB742
pango_lineage	N.7	#CDB642
pango_lineage	N.8	#CDB642
pango_lineage	N.9	#CEB541
pango_lineage	N.10	#CFB541
pango_lineage	P.1	#D0B441
pango_lineage	P.1.1	#D0B440
pango_lineage	P.1.2	#D1B340
pango_lineage	P.1.3	#D2B340
pango_lineage	P.1.4	#D3B240
pango_lineage	P.1.5	#D3B23F
pango_lineage	P.1.6	#D4B13F
pango_lineage	P.1.7	#D5B03F
pango_lineage	P.1.8	#D6B03F
pango_lineage	P.1.9	#D6AF3E
pango_lineage	P.1.10	#D7AF3E
pango_lineage	P.1.10.1	#D8AE3E
pango_lineage	P.1.10.2	#D8AE3E
pango_lineage	P.1.11	#D9AD3D
pango_lineage	P.2	#DAAD3D
pango_lineage	P.3	#DBAC3D
pango_lineage	P.4	#DBAC3D
pango_lineage	P.5	#DCAB3C
pango_lineage	P.6	#DDAA3C
pango_lineage	P.7	#DDA93C
pango_lineage	R.1	#DDA83C
pango_lineage	R.2	#DEA73B
pango_lineage	S.1	#DEA63B
pango_lineage	U.1	#DFA53B
pango_lineage	U.2	#DFA53B
pango_lineage	U.3	#DFA43B
pango_lineage	V.1	#E0A33A
pango_lineage	V.2	#E0A23A
pango_lineage	W.1	#E1A13A
pango_lineage	W.2	#E1A03A
pango_lineage	W.3	#E19F3A
pango_lineage	W.4	#E29E39
pango_lineage	Y.1	#E29D39
pango_lineage	Z.1	#E39C39
pango_lineage	AA.1	#E39B39
pango_lineage	AA.2	#E39A38
pango_lineage	AA.3	#E49938
pango_lineage	AA.4	#E49838
pango_lineage	AA.5	#E59738
pango_lineage	AA.6	#E59638
pango_lineage	AA.7	#E59637
pango_lineage	AA.8	#E69537
pango_lineage	AB.1	#E69337
pango_lineage	AC.1	#E69237
pango_lineage	AD.1	#E69036
pango_lineage	AD.2	#E68F36
pango_lineage	AD.2.1	#E68E36
pango_lineage	AE.1	#E68C36
pango_lineage	AE.2	#E68B35
pango_lineage	AE.3	#E68A35
pango_lineage	AE.4	#E68835
pango_lineage	AE.5	#E68735
pango_lineage	AE.6	#E68634
pango_lineage	AE.7	#E68434
pango_lineage	AE.8	#E68334
pango_lineage	AF.1	#E68134
pango_lineage	AG.1	#E68033
pango_lineage	AH.1	#E67F33
pango_lineage	AH.2	#E67D33
pango_lineage	AH.3	#E67C33
pango_lineage	AJ.1	#E67B32
pango_lineage	AK.1	#E67932
pango_lineage	AK.2	#E67832
pango_lineage	AL.1	#E67631
pango_lineage	AM.1	#E67531
pango_lineage	AM.2	#E67431
pango_lineage	AM.3	#E67231
pango_lineage	AM.4	#E67030
pango_lineage	AN.1	#E56F30
pango_lineage	AP.1	#E56D30
pango_lineage	AQ.1	#E56B2F
pango_lineage	AQ.2	#E5692F
pango_lineage	AS.1	#E4682F
pango_lineage	AS.2	#E4662E
pango_lineage	AT.1	#E4642E
pango_lineage	AU.1	#E4632E
pango_lineage	AU.2	#E3612D
pango_lineage	AU.3	#E35F2D
pango_lineage	AV.1	#E35D2D
pango_lineage	AW.1	#E35C2C
pango_lineage	AY.1	#E25A2C
pango_lineage	AY.2	#E2582C
pango_lineage	AY.3	#E2572B
pango_lineage	AY.3.1	#E1552B
pango_lineage	AY.4	#E1532B
pango_lineage	AY.5	#E1512A
pango_lineage	AY.5.1	#E1502A
pango_lineage	AY.5.2	#E04E2A
pango_lineage	AY.6	#E04C29
pango_lineage	AY.7	#E04B29
pango_lineage	AY.7.1	#E04929
pango_lineage	AY.7.2	#DF4728
pango_lineage	AY.8	#DF4528
pango_lineage	AY.9	#DF4428
pango_lineage	AY.10	#DF4227
pango_lineage	AY.11	#DF4027
pango_lineage	AY.12	#DE3E27
pango_lineage	AY.13	#DE3D26
pango_lineage	AY.14	#DE3B26
pango_lineage	AY.15	#DE3926
pango_lineage	AY.16	#DD3826
pango_lineage	AY.17	#DD3625
pango_lineage	AY.18	#DD3425
pango_lineage	AY.19	#DD3225
pango_lineage	AY.20	#DD3124
pango_lineage	AY.21	#DC2F24
pango_lineage	AY.22	#DC2D24
pango_lineage	AY.23	#DC2B23
pango_lineage	AY.24	#DC2A23
pango_lineage	XA	#DB2823

